"o1"	"name"	"birthYear"
"http://dbpedia.org/resource/Francis_Hutcheson_(philosopher)"	"University of Glasgow"	1694
"http://dbpedia.org/resource/Marquis_de_Condorcet"	"College of Navarre"	1743
"http://dbpedia.org/resource/Timothy_Fuller"	"Harvard University"	1778
"http://dbpedia.org/resource/John_Stuart_Mill"	"University College London"	1806
"http://dbpedia.org/resource/William_Henry_Channing"	"Harvard Divinity School"	1810
"http://dbpedia.org/resource/William_Henry_Channing"	"Harvard University"	1810
"http://dbpedia.org/resource/Wendell_Phillips"	"Boston Latin School"	1811
"http://dbpedia.org/resource/Wendell_Phillips"	"Harvard Law School"	1811
"http://dbpedia.org/resource/Wendell_Phillips"	"Harvard University"	1811
"http://dbpedia.org/resource/Lucinda_Hinsdale_Stone"	"University of Michigan"	1814
"http://dbpedia.org/resource/Lucy_Stone"	"Oberlin College"	1818
"http://dbpedia.org/resource/Sarah_Parker_Remond"	"Hospital of Santa Maria Nuova"	1826
"http://dbpedia.org/resource/Sarah_Parker_Remond"	"Bedford College (London)"	1826
"http://dbpedia.org/resource/Emily_Dickinson"	"Mount Holyoke College"	1830
"http://dbpedia.org/resource/Marilla_Ricker"	"Colby–Sawyer College"	1840
"http://dbpedia.org/resource/Evelyn_Baring,_1st_Earl_of_Cromer"	"Royal Military Academy, Woolwich"	1841
"http://dbpedia.org/resource/Evelyn_Baring,_1st_Earl_of_Cromer"	"Staff College, Camberley"	1841
"http://dbpedia.org/resource/Helen_M._Gougar"	"Hillsdale College"	1843
"http://dbpedia.org/resource/Alice_Vickery"	"London School of Medicine for Women"	1844
"http://dbpedia.org/resource/Anna_Kingsford"	"University of Paris"	1846
"http://dbpedia.org/resource/Arabella_Mansfield"	"Iowa Wesleyan College"	1846
"http://dbpedia.org/resource/Anna_Howard_Shaw"	"Boston University School of Medicine"	1847
"http://dbpedia.org/resource/Anna_Howard_Shaw"	"Boston University School of Theology"	1847
"http://dbpedia.org/resource/Anna_Howard_Shaw"	"Albion College"	1847
"http://dbpedia.org/resource/Jane_Ellen_Harrison"	"University of Cambridge"	1850
"http://dbpedia.org/resource/Jane_Ellen_Harrison"	"Cheltenham Ladies' College"	1850
"http://dbpedia.org/resource/Jane_Ellen_Harrison"	"Newnham College"	1850
"http://dbpedia.org/resource/Aletta_Jacobs"	"University of Groningen"	1854
"http://dbpedia.org/resource/Charlotte_Wilson"	"Newnham College, Cambridge"	1854
"http://dbpedia.org/resource/Emma_Pieczynska-Reichenbach"	"University of Geneva"	1854
"http://dbpedia.org/resource/Harriot_Stanton_Blatch"	"Vassar College"	1856
"http://dbpedia.org/resource/Eliza_Ritchie"	"Cornell University"	1856
"http://dbpedia.org/resource/Eliza_Ritchie"	"Dalhousie University"	1856
"http://dbpedia.org/resource/Karolina_Widerström"	"Karolinska Institutet"	1856
"http://dbpedia.org/resource/Sigmund_Freud"	"University of Vienna"	1856
"http://dbpedia.org/resource/Alice_Stone_Blackwell"	"Boston University"	1857
"http://dbpedia.org/resource/Hilda_Sachs"	"Royal Seminary"	1857
"http://dbpedia.org/resource/Charles_Sheldon"	"Phillips Academy, Andover"	1857
"http://dbpedia.org/resource/Bella_Guerin"	"University of Melbourne"	1858
"http://dbpedia.org/resource/Christian_von_Ehrenfels"	"University of Vienna"	1859
"http://dbpedia.org/resource/Cecilia_Grierson"	"University of Buenos Aires"	1859
"http://dbpedia.org/resource/Ella_Knowles_Haskell"	"Bates College"	1860
"http://dbpedia.org/resource/Christina_Henderson"	"University of Canterbury"	1861
"http://dbpedia.org/resource/Mary_Isabel_Fraser"	"University of Otago"	1863
"http://dbpedia.org/resource/Helena_Swanwick"	"Girton College, Cambridge"	1864
"http://dbpedia.org/resource/Roman_Dmowski"	"University of Warsaw"	1864
"http://dbpedia.org/resource/Tsuda_Umeko"	"Yale University"	1864
"http://dbpedia.org/resource/Grace_Julian_Clarke"	"Butler University"	1865
"http://dbpedia.org/resource/H._G._Wells"	"Royal College of Science"	1866
"http://dbpedia.org/resource/Gulli_Petrini"	"Uppsala University"	1867
"http://dbpedia.org/resource/Enid_Stacy"	"University of Bristol"	1868
"http://dbpedia.org/resource/Anne_O'Hagan_Shinn"	"Boston University"	1869
"http://dbpedia.org/resource/Alfred_Adler"	"University of Vienna"	1870
"http://dbpedia.org/resource/Maud_Wood_Park"	"Doane Stuart School"	1871
"http://dbpedia.org/resource/Maud_Wood_Park"	"Radcliffe College"	1871
"http://dbpedia.org/resource/Stella_Henderson"	"University of Canterbury"	1871
"http://dbpedia.org/resource/Lizzy_van_Dorp"	"Leiden University"	1872
"http://dbpedia.org/resource/Felicija_Bortkevičienė"	"Flying University"	1873
"http://dbpedia.org/resource/Mary_Dewson"	"Wellesley College"	1874
"http://dbpedia.org/resource/Branislav_Petronijević"	"University of Leipzig"	1875
"http://dbpedia.org/resource/Branislav_Petronijević"	"University of Vienna"	1875
"http://dbpedia.org/resource/Nesta_Helen_Webster"	"Westfield College"	1876
"http://dbpedia.org/resource/Mary_Ritter_Beard"	"DePauw University"	1876
"http://dbpedia.org/resource/Susan_Glaspell"	"University of Chicago"	1876
"http://dbpedia.org/resource/Helen_Archdale"	"University of St Andrews"	1876
"http://dbpedia.org/resource/Susan_Glaspell"	"Drake University"	1876
"http://dbpedia.org/resource/Lizzy_Lind_af_Hageby"	"London School of Medicine for Women"	1878
"http://dbpedia.org/resource/Lizzy_Lind_af_Hageby"	"Cheltenham Ladies' College"	1878
"http://dbpedia.org/resource/Zabel_Yesayan"	"Sorbonne University"	1878
"http://dbpedia.org/resource/Dimitrana_Ivanova"	"University of Zürich"	1881
"http://dbpedia.org/resource/Dimitrana_Ivanova"	"University of Sofia"	1881
"http://dbpedia.org/resource/Sylvia_Pankhurst"	"Royal College of Art"	1882
"http://dbpedia.org/resource/Sylvia_Pankhurst"	"Manchester School of Art"	1882
"http://dbpedia.org/resource/Virginia_Woolf"	"King's College London"	1882
"http://dbpedia.org/resource/Ona_Mašiotienė"	"Moscow State Pedagogical University"	1883
"http://dbpedia.org/resource/Scott_Nearing"	"University of Pennsylvania"	1883
"http://dbpedia.org/resource/Freda_Bage"	"University of Melbourne"	1883
"http://dbpedia.org/resource/Clarence_Dill"	"University of Delaware"	1884
"http://dbpedia.org/resource/Clarence_Dill"	"Ohio Wesleyan University"	1884
"http://dbpedia.org/resource/Nathalie_Demassieux"	"University of Paris"	1884
"http://dbpedia.org/resource/Helene_Deutsch"	"University of Vienna"	1884
"http://dbpedia.org/resource/Tanzan_Ishibashi"	"Waseda University"	1884
"http://dbpedia.org/resource/Sabina_Spielrein"	"University of Zurich"	1885
"http://dbpedia.org/resource/Sarah_Winstedt"	"University of Edinburgh"	1886
"http://dbpedia.org/resource/Sofija_Kymantaitė-Čiurlionienė"	"Jagiellonian University"	1886
"http://dbpedia.org/resource/Sarah_Winstedt"	"London School of Tropical Medicine"	1886
"http://dbpedia.org/resource/Juliet_Stuart_Poyntz"	"Barnard College"	1886
"http://dbpedia.org/resource/Miriam_Van_Waters"	"University of Oregon"	1887
"http://dbpedia.org/resource/Miriam_Van_Waters"	"Clark University"	1887
"http://dbpedia.org/resource/Sue_Shelton_White"	"Washington College of Law"	1887
"http://dbpedia.org/resource/Agnes_de_Lima"	"Vassar College"	1887
"http://dbpedia.org/resource/Katherine_Laird_Cox"	"Newnham College, Cambridge"	1887
"http://dbpedia.org/resource/Clara_Campoamor"	"Complutense University of Madrid"	1888
"http://dbpedia.org/resource/Doris_Stevens"	"Oberlin College"	1888
"http://dbpedia.org/resource/Ursula_McConnel"	"University of Sydney"	1888
"http://dbpedia.org/resource/Emanuel_Celler"	"Columbia College, Columbia University"	1888
"http://dbpedia.org/resource/Emanuel_Celler"	"Bachelor of Laws"	1888
"http://dbpedia.org/resource/Jessie_Street"	"University of Sydney"	1889
"http://dbpedia.org/resource/Marjorie_Hillis"	"Miss Dana's School for Young Ladies"	1889
"http://dbpedia.org/resource/B._R._Ambedkar"	"University of Mumbai"	1891
"http://dbpedia.org/resource/B._R._Ambedkar"	"Columbia University"	1891
"http://dbpedia.org/resource/B._R._Ambedkar"	"Master of Arts"	1891
"http://dbpedia.org/resource/B._R._Ambedkar"	"London School of Economics"	1891
"http://dbpedia.org/resource/B._R._Ambedkar"	"Doctor of Philosophy"	1891
"http://dbpedia.org/resource/B._R._Ambedkar"	"Doctor of Science"	1891
"http://dbpedia.org/resource/B._R._Ambedkar"	"Gray's Inn"	1891
"http://dbpedia.org/resource/Antonio_Gramsci"	"University of Turin"	1891
"http://dbpedia.org/resource/C._E._M._Joad"	"University of Oxford"	1891
"http://dbpedia.org/resource/C._E._M._Joad"	"Balliol College, Oxford"	1891
"http://dbpedia.org/resource/Ella_Lillian_Wall_Van_Leer"	"University of California, Berkeley"	1892
"http://dbpedia.org/resource/Edna_St._Vincent_Millay"	"Vassar College"	1892
"http://dbpedia.org/resource/Kevin_O'Higgins"	"University College Dublin"	1892
"http://dbpedia.org/resource/Vera_Brittain"	"Somerville College, Oxford"	1893
"http://dbpedia.org/resource/Mao_Zedong"	"Hunan First Normal University"	1893
"http://dbpedia.org/resource/Ksenija_Atanasijević"	"University of Belgrade"	1894
"http://dbpedia.org/resource/Howard_Hawks"	"Cornell University"	1896
"http://dbpedia.org/resource/Wayne_N._Aspinall"	"University of Denver"	1896
"http://dbpedia.org/resource/Pak_Hon-yong"	"International Lenin School"	1900
"http://dbpedia.org/resource/Lin_Hui_Xiang"	"University of the Philippines"	1901
"http://dbpedia.org/resource/Lin_Hui_Xiang"	"Xiamen University"	1901
"http://dbpedia.org/resource/Ali_Sastroamidjojo"	"Leiden University"	1903
"http://dbpedia.org/resource/Thelma_Bate"	"University of Sydney"	1904
"http://dbpedia.org/resource/Wanda_Wasilewska"	"Jagiellonian University"	1905
"http://dbpedia.org/resource/Rashid_Jahan"	"Isabella Thoburn College"	1905
"http://dbpedia.org/resource/Rashid_Jahan"	"Lady Hardinge Medical College"	1905
"http://dbpedia.org/resource/Esther_Peterson"	"Brigham Young University"	1906
"http://dbpedia.org/resource/Esther_Peterson"	"Teachers College, Columbia University"	1906
"http://dbpedia.org/resource/A._J._P._Taylor"	"Oriel College, Oxford"	1906
"http://dbpedia.org/resource/Mahadevi_Varma"	"Allahabad University"	1907
"http://dbpedia.org/resource/Ezlynn_Deraniyagala"	"Hillwood College"	1908
"http://dbpedia.org/resource/Ezlynn_Deraniyagala"	"St. Bridget's Convent, Colombo"	1908
"http://dbpedia.org/resource/Ezlynn_Deraniyagala"	"St Anne's College, Oxford"	1908
"http://dbpedia.org/resource/Mary_Whitehouse"	"Manchester Metropolitan University"	1910
"http://dbpedia.org/resource/Ruby_Payne-Scott"	"University of Sydney"	1912
"http://dbpedia.org/resource/Barbara_Macdonald"	"University of Washington"	1913
"http://dbpedia.org/resource/Caroline_Bird_(American_author)"	"University of Toledo"	1915
"http://dbpedia.org/resource/Saul_Bellow"	"University of Wisconsin–Madison"	1915
"http://dbpedia.org/resource/Saul_Bellow"	"Northwestern University"	1915
"http://dbpedia.org/resource/Caroline_Bird_(American_author)"	"University of Wisconsin-Madison"	1915
"http://dbpedia.org/resource/Elizabeth_Catlett"	"Howard University"	1915
"http://dbpedia.org/resource/Elizabeth_Catlett"	"University of Iowa"	1915
"http://dbpedia.org/resource/Jane_Marsh_Beveridge"	"Sarah Lawrence College"	1915
"http://dbpedia.org/resource/Gough_Whitlam"	"University of Sydney"	1916
"http://dbpedia.org/resource/Vivienne_Goonewardene"	"Musaeus College"	1916
"http://dbpedia.org/resource/Vivienne_Goonewardene"	"University College, Colombo"	1916
"http://dbpedia.org/resource/Trento_Longaretti"	"Brera Academy"	1916
"http://dbpedia.org/resource/H._Stuart_Hughes"	"Amherst College"	1916
"http://dbpedia.org/resource/H._Stuart_Hughes"	"Harvard University"	1916
"http://dbpedia.org/resource/Margarete_Mitscherlich-Nielsen"	"University of Tübingen"	1917
"http://dbpedia.org/resource/Annie_Jiagge"	"London School of Economics"	1918
"http://dbpedia.org/resource/Annie_Jiagge"	"Achimota College"	1918
"http://dbpedia.org/resource/Doris_Grumbach"	"Cornell University"	1918
"http://dbpedia.org/resource/Doris_Grumbach"	"New York University College of Arts & Science"	1918
"http://dbpedia.org/resource/Simonne_Monet-Chartrand"	"Université de Montréal"	1919
"http://dbpedia.org/resource/Thomas_Hedley_Reynolds"	"Columbia University"	1920
"http://dbpedia.org/resource/Thomas_Hedley_Reynolds"	"Williams College"	1920
"http://dbpedia.org/resource/Solange_Hertz"	"American University"	1920
"http://dbpedia.org/resource/Ursula_Franklin"	"University of Toronto"	1921
"http://dbpedia.org/resource/Ursula_Franklin"	"Technical University of Berlin"	1921
"http://dbpedia.org/resource/Catharine_McClellan"	"Bryn Mawr College"	1921
"http://dbpedia.org/resource/Grace_Paley"	"Hunter College"	1922
"http://dbpedia.org/resource/Grace_Paley"	"The New School"	1922
"http://dbpedia.org/resource/Anne_Sayre"	"New York University Law School"	1923
"http://dbpedia.org/resource/Naziha_al-Dulaimi"	"College of Medicine University of Baghdad"	1923
"http://dbpedia.org/resource/Zalman_Schachter-Shalomi"	"Boston University"	1924
"http://dbpedia.org/resource/Zalman_Schachter-Shalomi"	"Tomchei Temimim"	1924
"http://dbpedia.org/resource/Zalman_Schachter-Shalomi"	"Hebrew Union College"	1924
"http://dbpedia.org/resource/Jean-Jacques_Servan-Schreiber"	"École Polytechnique"	1924
"http://dbpedia.org/resource/Eva_Ranaweera"	"University of Colombo"	1924
"http://dbpedia.org/resource/Erik_Grønseth"	"University of Oslo"	1925
"http://dbpedia.org/resource/Erik_Grønseth"	"University of Wisconsin"	1925
"http://dbpedia.org/resource/Erik_Grønseth"	"Wittenberg University"	1925
"http://dbpedia.org/resource/Erik_Grønseth"	"New School for Social Research"	1925
"http://dbpedia.org/resource/David_Malet_Armstrong"	"University of Sydney"	1926
"http://dbpedia.org/resource/Margaret_Laurence"	"University of Winnipeg"	1926
"http://dbpedia.org/resource/Gisèle_Halimi"	"Sciences Po"	1927
"http://dbpedia.org/resource/Gisèle_Halimi"	"University of Paris"	1927
"http://dbpedia.org/resource/Cornelius_O'Leary"	"University College Cork"	1927
"http://dbpedia.org/resource/Bogusław_Wolniewicz"	"University of Warsaw"	1927
"http://dbpedia.org/resource/Cornelius_O'Leary"	"Nuffield College, Oxford"	1927
"http://dbpedia.org/resource/Barbara_Bergmann"	"Cornell University"	1927
"http://dbpedia.org/resource/Fatou_Djibo"	"École normal de Rufisque"	1927
"http://dbpedia.org/resource/Barbara_Bergmann"	"Harvard University"	1927
"http://dbpedia.org/resource/Jane_Arden_(director)"	"Royal Academy of Dramatic Art"	1927
"http://dbpedia.org/resource/Sylvia_Wynter"	"King's College London"	1928
"http://dbpedia.org/resource/Gerald_Stourzh"	"University of Vienna"	1929
"http://dbpedia.org/resource/Alejandro_Jodorowsky"	"University of Chile"	1929
"http://dbpedia.org/resource/Maryly_Van_Leer_Peck"	"University of Florida"	1930
"http://dbpedia.org/resource/Maryly_Van_Leer_Peck"	"Vanderbilt University"	1930
"http://dbpedia.org/resource/Luce_Irigaray"	"Catholic University of Leuven (1834–1968)"	1930
"http://dbpedia.org/resource/Roberta_Kalechofsky"	"Brooklyn College"	1931
"http://dbpedia.org/resource/Roberta_Kalechofsky"	"New York University"	1931
"http://dbpedia.org/resource/Kumari_Jayawardena"	"London School of Economics"	1931
"http://dbpedia.org/resource/Alix_Kates_Shulman"	"Case Western Reserve University"	1932
"http://dbpedia.org/resource/Sylvia_Plath"	"University of Cambridge"	1932
"http://dbpedia.org/resource/Alix_Kates_Shulman"	"Columbia University"	1932
"http://dbpedia.org/resource/Sylvia_Plath"	"Smith College"	1932
"http://dbpedia.org/resource/Hamid_Dalwai"	"Ismail Yusuf College"	1932
"http://dbpedia.org/resource/Alix_Kates_Shulman"	"New York University"	1932
"http://dbpedia.org/resource/Hamid_Dalwai"	"Ruparel College"	1932
"http://dbpedia.org/resource/Rhina_Espaillat"	"Queens College, City University of New York"	1932
"http://dbpedia.org/resource/Rhina_Espaillat"	"Hunter College"	1932
"http://dbpedia.org/resource/Christopher_Lasch"	"Columbia University"	1932
"http://dbpedia.org/resource/Anthony_Perkins"	"Columbia University"	1932
"http://dbpedia.org/resource/Christopher_Lasch"	"Harvard University"	1932
"http://dbpedia.org/resource/C._K._Stead"	"University of Auckland"	1932
"http://dbpedia.org/resource/Elizabeth_Evatt"	"University of Sydney"	1933
"http://dbpedia.org/resource/Nancy_Friday"	"Wellesley College"	1933
"http://dbpedia.org/resource/Elizabeth_Evatt"	"Harvard University"	1933
"http://dbpedia.org/resource/Jacqueline_Ki-Zerbo"	"Sorbonne"	1933
"http://dbpedia.org/resource/Leda_Sanford"	"Fashion Institute of Technology"	1933
"http://dbpedia.org/resource/Sugathakumari"	"Government College for Women, Thiruvananthapuram"	1934
"http://dbpedia.org/resource/Sugathakumari"	"University College, Thiruvananthapuram"	1934
"http://dbpedia.org/resource/Lidia_Falcón"	"University of Barcelona"	1935
"http://dbpedia.org/resource/Clay_Smothers"	"Prairie View A&M University"	1935
"http://dbpedia.org/resource/Muzi_Epifani"	"Sapienza University of Rome"	1935
"http://dbpedia.org/resource/D._M._Thomas"	"New College, Oxford"	1935
"http://dbpedia.org/resource/Carolyn_Merchant"	"University of Wisconsin–Madison"	1936
"http://dbpedia.org/resource/Marianne_Githens"	"London School of Economics"	1936
"http://dbpedia.org/resource/Alan_Alda"	"Fordham University"	1936
"http://dbpedia.org/resource/Bonnie_Strickland"	"Ohio State University"	1936
"http://dbpedia.org/resource/Elizabeth_Peer"	"Connecticut College"	1936
"http://dbpedia.org/resource/Evelyn_Stokes"	"Syracuse University"	1936
"http://dbpedia.org/resource/June_Jordan"	"Barnard College"	1936
"http://dbpedia.org/resource/Suzette_Haden_Elgin"	"University of California, San Diego"	1936
"http://dbpedia.org/resource/Assia_Djebar"	"École Normale Supérieure"	1936
"http://dbpedia.org/resource/Sally_Hacker"	"University of Chicago"	1936
"http://dbpedia.org/resource/Alicia_Ostriker"	"Brandeis University"	1937
"http://dbpedia.org/resource/Alicia_Ostriker"	"University of Wisconsin–Madison"	1937
"http://dbpedia.org/resource/Luigi_Calabresi"	"Sapienza University of Rome"	1937
"http://dbpedia.org/resource/Hedy_d'Ancona"	"University of Amsterdam"	1937
"http://dbpedia.org/resource/Hedy_d'Ancona"	"Bachelor of Social Science"	1937
"http://dbpedia.org/resource/Hedy_d'Ancona"	"Master of Social Science"	1937
"http://dbpedia.org/resource/Diane_Nash"	"Howard University"	1938
"http://dbpedia.org/resource/Diane_Nash"	"Fisk University"	1938
"http://dbpedia.org/resource/Marcia_Freedman"	"New York University"	1938
"http://dbpedia.org/resource/Diana_E._H._Russell"	"University of Cape Town"	1938
"http://dbpedia.org/resource/Diana_E._H._Russell"	"London School of Economics"	1938
"http://dbpedia.org/resource/Diana_E._H._Russell"	"Harvard University"	1938
"http://dbpedia.org/resource/Pedro_Pablo_Kuczynski"	"Princeton University"	1938
"http://dbpedia.org/resource/Uta_Gerhardt"	"University of Konstanz"	1938
"http://dbpedia.org/resource/Pedro_Pablo_Kuczynski"	"Exeter College, Oxford"	1938
"http://dbpedia.org/resource/Gemma_Hussey"	"University College Dublin"	1938
"http://dbpedia.org/resource/Eleanor_Smeal"	"University of Florida"	1939
"http://dbpedia.org/resource/Eleanor_Smeal"	"Duke University"	1939
"http://dbpedia.org/resource/Esther_Eillam"	"Tel Aviv University"	1939
"http://dbpedia.org/resource/Judy_Chicago"	"University of California, Los Angeles"	1939
"http://dbpedia.org/resource/Nancy_Azara"	"Empire State College"	1939
"http://dbpedia.org/resource/Nancy_Azara"	"Finch College"	1939
"http://dbpedia.org/resource/Igor_Mandić"	"University of Zagreb"	1939
"http://dbpedia.org/resource/Wangari_Maathai"	"Benedictine College"	1940
"http://dbpedia.org/resource/Wangari_Maathai"	"University of Giessen"	1940
"http://dbpedia.org/resource/Wangari_Maathai"	"University of Nairobi"	1940
"http://dbpedia.org/resource/Wangari_Maathai"	"University of Pittsburgh"	1940
"http://dbpedia.org/resource/Vesna_Pešić"	"University of Belgrade"	1940
"http://dbpedia.org/resource/Angela_Carter"	"University of Bristol"	1940
"http://dbpedia.org/resource/Carole_Pateman"	"University of Oxford"	1940
"http://dbpedia.org/resource/Zsuzsanna_Budapest"	"University of Vienna"	1940
"http://dbpedia.org/resource/Patrick_Stewart"	"Bristol Old Vic Theatre School"	1940
"http://dbpedia.org/resource/Homa_Darabi"	"Tehran University of Medical Sciences"	1940
"http://dbpedia.org/resource/Helen_Potrebenko"	"University of British Columbia"	1940
"http://dbpedia.org/resource/Dora_Barrancos"	"University of Buenos Aires"	1940
"http://dbpedia.org/resource/Suzana_Prates"	"Latin American Faculty of Social Sciences"	1940
"http://dbpedia.org/resource/Michael_Allen_Fox"	"University of Toronto"	1940
"http://dbpedia.org/resource/Kathleen_Barry"	"University of California, Berkeley"	1941
"http://dbpedia.org/resource/Hayao_Miyazaki"	"Gakushuin University"	1941
"http://dbpedia.org/resource/Laura_Mulvey"	"St Hilda's College, Oxford"	1941
"http://dbpedia.org/resource/Julia_Kristeva"	"University of Sofia"	1941
"http://dbpedia.org/resource/Richard_Dawkins"	"University of Oxford"	1941
"http://dbpedia.org/resource/Richard_Dawkins"	"Master of Arts"	1941
"http://dbpedia.org/resource/Richard_Dawkins"	"Doctor of Philosophy"	1941
"http://dbpedia.org/resource/Richard_Dawkins"	"Doctor of Science"	1941
"http://dbpedia.org/resource/Annette_Kolodny"	"University of California, Berkeley"	1941
"http://dbpedia.org/resource/Annette_Kolodny"	"Brooklyn College"	1941
"http://dbpedia.org/resource/Jacqueline_Winsor"	"Massachusetts College of Art and Design"	1941
"http://dbpedia.org/resource/Jacqueline_Winsor"	"Rutgers University"	1941
"http://dbpedia.org/resource/Clara_Sue_Kidwell"	"University of Oklahoma"	1941
"http://dbpedia.org/resource/Elizabeth_Anne_Reid"	"Australian National University"	1942
"http://dbpedia.org/resource/Elizabeth_Anne_Reid"	"Somerville College, Oxford"	1942
"http://dbpedia.org/resource/Gayatri_Chakravorty_Spivak"	"University of Calcutta"	1942
"http://dbpedia.org/resource/Emma_Baeri"	"University of Catania"	1942
"http://dbpedia.org/resource/Moshe_Meiselman"	"Massachusetts Institute of Technology"	1942
"http://dbpedia.org/resource/Annie_Sugier"	"Paris-Saclay University"	1942
"http://dbpedia.org/resource/Moshe_Meiselman"	"Harvard University"	1942
"http://dbpedia.org/resource/Annie_Sugier"	"Paris-Saclay Faculty of Sciences"	1942
"http://dbpedia.org/resource/Moshe_Meiselman"	"Boston Latin"	1942
"http://dbpedia.org/resource/Fadhila_Chitour"	"University of Algiers"	1942
"http://dbpedia.org/resource/Himani_Bannerji"	"University of Toronto"	1942
"http://dbpedia.org/resource/Himani_Bannerji"	"Visva-Bharati University"	1942
"http://dbpedia.org/resource/Himani_Bannerji"	"Jadavpur University"	1942
"http://dbpedia.org/resource/Michael_Savage"	"Queens College, City University of New York"	1942
"http://dbpedia.org/resource/Michael_Savage"	"University of California, Berkeley"	1942
"http://dbpedia.org/resource/Michael_Savage"	"University of Hawaii at Manoa"	1942
"http://dbpedia.org/resource/Michael_Savage"	"Master of Arts"	1942
"http://dbpedia.org/resource/Janice_Raymond"	"Salve Regina University"	1943
"http://dbpedia.org/resource/Janice_Raymond"	"Boston College"	1943
"http://dbpedia.org/resource/Susan_Griffin"	"University of California, Berkeley"	1943
"http://dbpedia.org/resource/Janice_Raymond"	"Andover Newton Theological School"	1943
"http://dbpedia.org/resource/Sharon_Presley"	"City University of New York"	1943
"http://dbpedia.org/resource/Jean_Kilbourne"	"Wellesley College"	1943
"http://dbpedia.org/resource/Cornelia_Butler_Flora"	"University of California, Berkeley"	1943
"http://dbpedia.org/resource/Cornelia_Butler_Flora"	"Cornell University"	1943
"http://dbpedia.org/resource/Ginny_Montes"	"University of Florida"	1943
"http://dbpedia.org/resource/Ginny_Montes"	"Florida State University"	1943
"http://dbpedia.org/resource/Hans-Jürgen_Krahl"	"University of Frankfurt Institute for Social Research"	1943
"http://dbpedia.org/resource/Hans-Jürgen_Krahl"	"University of Göttingen"	1943
"http://dbpedia.org/resource/Hans-Jürgen_Krahl"	"Frankfurt am Main"	1943
"http://dbpedia.org/resource/Alice_Walker"	"Sarah Lawrence College"	1944
"http://dbpedia.org/resource/Nancy_Chodorow"	"Brandeis University"	1944
"http://dbpedia.org/resource/Angela_Mason"	"Bedford College, University of London"	1944
"http://dbpedia.org/resource/Donna_Haraway"	"Colorado College"	1944
"http://dbpedia.org/resource/Angela_Mason"	"London School of Economics"	1944
"http://dbpedia.org/resource/Nancy_Chodorow"	"London School of Economics and Political Science"	1944
"http://dbpedia.org/resource/Ann_Oakley"	"Bedford College (London)"	1944
"http://dbpedia.org/resource/Nancy_Chodorow"	"Harvard University"	1944
"http://dbpedia.org/resource/Ann_Oakley"	"Somerville College, Oxford"	1944
"http://dbpedia.org/resource/Alice_Walker"	"Spelman College"	1944
"http://dbpedia.org/resource/Nancy_Chodorow"	"Radcliffe College"	1944
"http://dbpedia.org/resource/Donna_Haraway"	"Yale University"	1944
"http://dbpedia.org/resource/Roger_Scruton"	"Jesus College, Cambridge"	1944
"http://dbpedia.org/resource/Ruth_Adler"	"University of Edinburgh"	1944
"http://dbpedia.org/resource/Ruth_Adler"	"University of London"	1944
"http://dbpedia.org/resource/Ruth_Adler"	"North London Collegiate School"	1944
"http://dbpedia.org/resource/Ruth_Adler"	"Somerville College, Oxford"	1944
"http://dbpedia.org/resource/Celia_Amorós"	"University of Valencia"	1944
"http://dbpedia.org/resource/Dorothy_Riddle"	"University of Arizona"	1944
"http://dbpedia.org/resource/Dorothy_Riddle"	"University of Colorado"	1944
"http://dbpedia.org/resource/Marija_Aušrinė_Pavilionienė"	"Vilnius University"	1944
"http://dbpedia.org/resource/Dorothy_Riddle"	"Duke University"	1944
"http://dbpedia.org/resource/C._S._Lakshmi"	"Jawaharlal Nehru University, Delhi"	1944
"http://dbpedia.org/resource/Kinky_Friedman"	"University of Texas at Austin"	1944
"http://dbpedia.org/resource/Ingrid_Bengis"	"Columbia University"	1944
"http://dbpedia.org/resource/Gwendolyn_Zoharah_Simmons"	"Antioch University"	1944
"http://dbpedia.org/resource/Gwendolyn_Zoharah_Simmons"	"Temple University"	1944
"http://dbpedia.org/resource/Jo_Freeman"	"University of Chicago"	1945
"http://dbpedia.org/resource/Blackberri"	"University of Arizona"	1945
"http://dbpedia.org/resource/George_Miller_(filmmaker)"	"University of New South Wales"	1945
"http://dbpedia.org/resource/Nuruddin_Farah"	"Panjab University, Chandigarh"	1945
"http://dbpedia.org/resource/Jewell_Jackson_McCabe"	"Bard College"	1945
"http://dbpedia.org/resource/Andrea_Dworkin"	"Bennington College"	1946
"http://dbpedia.org/resource/Paula_Hyman"	"Columbia University"	1946
"http://dbpedia.org/resource/Paula_Hyman"	"Harvard University"	1946
"http://dbpedia.org/resource/Jessica_Benjamin"	"Goethe University Frankfurt"	1946
"http://dbpedia.org/resource/Jessica_Benjamin"	"New York University"	1946
"http://dbpedia.org/resource/Jessica_Benjamin"	"University of Wisconsin, Madison"	1946
"http://dbpedia.org/resource/Tansu_Çiller"	"Boğaziçi University"	1946
"http://dbpedia.org/resource/Aruna_Roy"	"Delhi University"	1946
"http://dbpedia.org/resource/Tansu_Çiller"	"University of Connecticut"	1946
"http://dbpedia.org/resource/Kamla_Bhasin"	"University of Münster"	1946
"http://dbpedia.org/resource/Tansu_Çiller"	"University of New Hampshire"	1946
"http://dbpedia.org/resource/Chaviva_Hošek"	"McGill University"	1946
"http://dbpedia.org/resource/Aruna_Roy"	"Lal Bahadur Shastri National Academy of Administration"	1946
"http://dbpedia.org/resource/Chaviva_Hošek"	"Harvard University"	1946
"http://dbpedia.org/resource/Marina_Warner"	"Lady Margaret Hall, Oxford"	1946
"http://dbpedia.org/resource/Tansu_Çiller"	"Yale University"	1946
"http://dbpedia.org/resource/Kamla_Bhasin"	"Rajasthan University"	1946
"http://dbpedia.org/resource/Aruna_Roy"	"Indraprastha College"	1946
"http://dbpedia.org/resource/Neil_Lyndon"	"Queens' College, Cambridge"	1946
"http://dbpedia.org/resource/Orshi_Drozdik"	"Hungarian University of Fine Arts"	1946
"http://dbpedia.org/resource/Shirin_Ebadi"	"University of Tehran"	1947
"http://dbpedia.org/resource/Petra_Kelly"	"University of Amsterdam"	1947
"http://dbpedia.org/resource/Petra_Kelly"	"American University"	1947
"http://dbpedia.org/resource/Jane_Alpert"	"Swarthmore College"	1947
"http://dbpedia.org/resource/Richard_J._Evans"	"Jesus College, Oxford"	1947
"http://dbpedia.org/resource/Richard_J._Evans"	"St Antony's College, Oxford"	1947
"http://dbpedia.org/resource/Richard_J._Evans"	"Hamburg University"	1947
"http://dbpedia.org/resource/Murder_of_Betsy_Aardsma"	"Pennsylvania State University"	1947
"http://dbpedia.org/resource/Murder_of_Betsy_Aardsma"	"University of Michigan"	1947
"http://dbpedia.org/resource/Yūko_Tsushima"	"Shirayuri Women's University"	1947
"http://dbpedia.org/resource/Gretel_Ammann"	"University of Barcelona"	1947
"http://dbpedia.org/resource/Françoise_David"	"Université de Montréal"	1948
"http://dbpedia.org/resource/Jeanne_Córdova"	"University of California, Los Angeles"	1948
"http://dbpedia.org/resource/Valeria_Sarmiento"	"University of Chile"	1948
"http://dbpedia.org/resource/Thomas_Joseph_Tobin"	"Saint Francis University"	1948
"http://dbpedia.org/resource/Thomas_Joseph_Tobin"	"Gannon University"	1948
"http://dbpedia.org/resource/Claude_Vivier"	"Conservatoire de musique du Québec à Montréal"	1948
"http://dbpedia.org/resource/Claude_Vivier"	"Darmstädter Ferienkurse"	1948
"http://dbpedia.org/resource/Thomas_Joseph_Tobin"	"Pontifical Atheneum of St. Anselm"	1948
"http://dbpedia.org/resource/Thomas_Joseph_Tobin"	"Pontifical Gregorian University"	1948
"http://dbpedia.org/resource/Thomas_Joseph_Tobin"	"Pontifical North American College"	1948
"http://dbpedia.org/resource/Esmeralda_Santiago"	"Sarah Lawrence College"	1948
"http://dbpedia.org/resource/Alda_Facio"	"University of Costa Rica"	1948
"http://dbpedia.org/resource/Esmeralda_Santiago"	"Harvard University"	1948
"http://dbpedia.org/resource/Agnieszka_Holland"	"Film and TV School of the Academy of Performing Arts in Prague"	1948
"http://dbpedia.org/resource/Alda_Facio"	"New York University"	1948
"http://dbpedia.org/resource/Barbara_Katz_Rothman"	"Brooklyn College"	1948
"http://dbpedia.org/resource/Barbara_Katz_Rothman"	"New York University"	1948
"http://dbpedia.org/resource/Ilana_Löwy"	"Paris Diderot University"	1948
"http://dbpedia.org/resource/Ilana_Löwy"	"Tel Aviv University"	1948
"http://dbpedia.org/resource/Gayle_Rubin"	"University of Michigan"	1949
"http://dbpedia.org/resource/Judi_Bari"	"University of Maryland"	1949
"http://dbpedia.org/resource/Joséphine_Ouédraogo"	"Paris Descartes University"	1949
"http://dbpedia.org/resource/Slavenka_Drakulić"	"University of Zagreb"	1949
"http://dbpedia.org/resource/Martin_Amis"	"Exeter College, Oxford"	1949
"http://dbpedia.org/resource/Rosemary_Hennessy"	"Syracuse University"	1950
"http://dbpedia.org/resource/Lynda_Schraufnagel"	"University of Houston"	1950
"http://dbpedia.org/resource/Sueli_Carneiro"	"University of São Paulo"	1950
"http://dbpedia.org/resource/Rebecca_Ann_King"	"University of Denver"	1950
"http://dbpedia.org/resource/Rajeswari_Sunder_Rajan"	"George Washington University"	1950
"http://dbpedia.org/resource/Rajeswari_Sunder_Rajan"	"Bombay University"	1950
"http://dbpedia.org/resource/Laura_Lederer"	"University of Michigan"	1951
"http://dbpedia.org/resource/Laura_Lederer"	"University of San Francisco School of Law"	1951
"http://dbpedia.org/resource/Stevi_Jackson"	"University of York"	1951
"http://dbpedia.org/resource/Laura_Lederer"	"DePaul University College of Law"	1951
"http://dbpedia.org/resource/Louise_Jameson"	"Royal Academy of Dramatic Art"	1951
"http://dbpedia.org/resource/Cándida_Martínez_López"	"University of Granada"	1951
"http://dbpedia.org/resource/Ai_Nagai"	"Toho Gakuen College of Drama and Music"	1951
"http://dbpedia.org/resource/Aída_García_Naranjo"	"Pontifical Catholic University of Peru"	1951
"http://dbpedia.org/resource/Catherine_Obianuju_Acholonu"	"Heinrich Heine University of Düsseldorf"	1951
"http://dbpedia.org/resource/Hamid_Dabashi"	"University of Pennsylvania"	1951
"http://dbpedia.org/resource/Hamid_Dabashi"	"University of Tehran"	1951
"http://dbpedia.org/resource/John_Gray_(American_author)"	"Columbia Pacific University"	1951
"http://dbpedia.org/resource/John_Gray_(American_author)"	"Maharishi International University"	1951
"http://dbpedia.org/resource/Lakshmi_Chandrashekar"	"University of Leeds"	1951
"http://dbpedia.org/resource/Lakshmi_Chandrashekar"	"University of Mysore"	1951
"http://dbpedia.org/resource/Lakshmi_Chandrashekar"	"Postgraduate education"	1951
"http://dbpedia.org/resource/Enikő_Bollobás"	"Eötvös Loránd University"	1952
"http://dbpedia.org/resource/Vandana_Shiva"	"University of Guelph"	1952
"http://dbpedia.org/resource/Vandana_Shiva"	"University of Western Ontario"	1952
"http://dbpedia.org/resource/Vandana_Shiva"	"Panjab University, Chandigarh"	1952
"http://dbpedia.org/resource/Maureen_McTeer"	"University of Ottawa"	1952
"http://dbpedia.org/resource/Maureen_McTeer"	"University of Ottawa Faculty of Law"	1952
"http://dbpedia.org/resource/Maureen_McTeer"	"University of Sheffield"	1952
"http://dbpedia.org/resource/Linda_Woolverton"	"California State University, Fullerton"	1952
"http://dbpedia.org/resource/Linda_Woolverton"	"California State University, Long Beach"	1952
"http://dbpedia.org/resource/Lydia_Sklevicky"	"University of Zagreb"	1952
"http://dbpedia.org/resource/Lisa_Tuttle"	"Syracuse University"	1952
"http://dbpedia.org/resource/Gwyneth_Jones_(novelist)"	"University of Sussex"	1952
"http://dbpedia.org/resource/Michael_Sandel"	"Brandeis University"	1953
"http://dbpedia.org/resource/Michael_Sandel"	"Balliol College, Oxford"	1953
"http://dbpedia.org/resource/Betty_Anyanwu-Akeredolu"	"University of Nigeria, Nsukka"	1953
"http://dbpedia.org/resource/Betty_Anyanwu-Akeredolu"	"University of the Philippines Visayas"	1953
"http://dbpedia.org/resource/Jane_Salvage"	"Royal Holloway, University of London"	1953
"http://dbpedia.org/resource/Jane_Salvage"	"Newnham College, Cambridge"	1953
"http://dbpedia.org/resource/Joan_Smith"	"University of Reading"	1953
"http://dbpedia.org/resource/Oprah_Winfrey"	"Tennessee State University"	1954
"http://dbpedia.org/resource/Patrick_Califia"	"San Francisco State University"	1954
"http://dbpedia.org/resource/Rosi_Braidotti"	"Australian National University"	1954
"http://dbpedia.org/resource/Patricia_Mohammed"	"Institute of Social Studies"	1954
"http://dbpedia.org/resource/Emma_Pérez"	"University of California, Los Angeles"	1954
"http://dbpedia.org/resource/Anuradha_Ghandy"	"Elphinstone College"	1954
"http://dbpedia.org/resource/Anuradha_Ghandy"	"Mumbai"	1954
"http://dbpedia.org/resource/Elizabeth_May"	"Dalhousie University"	1954
"http://dbpedia.org/resource/Hope_Landrine"	"University of Rhode Island"	1954
"http://dbpedia.org/resource/Hope_Landrine"	"City University of New York"	1954
"http://dbpedia.org/resource/Hope_Landrine"	"Westminster College (Pennsylvania)"	1954
"http://dbpedia.org/resource/Kim_Gandy"	"Louisiana Tech University"	1954
"http://dbpedia.org/resource/Kim_Gandy"	"Loyola University New Orleans School of Law"	1954
"http://dbpedia.org/resource/Barbara_Kingsolver"	"University of Arizona"	1955
"http://dbpedia.org/resource/Carol_Ann_Duffy"	"University of Liverpool"	1955
"http://dbpedia.org/resource/Chandra_Talpade_Mohanty"	"University of Delhi"	1955
"http://dbpedia.org/resource/Chandra_Talpade_Mohanty"	"University of Illinois at Urbana-Champaign"	1955
"http://dbpedia.org/resource/Ann_M._Martin"	"Smith College"	1955
"http://dbpedia.org/resource/L._H._M._Ling"	"Massachusetts Institute of Technology"	1955
"http://dbpedia.org/resource/L._H._M._Ling"	"Wellesley College"	1955
"http://dbpedia.org/resource/Shahla_Sherkat"	"Tehran University"	1956
"http://dbpedia.org/resource/Elaheh_Koulaei"	"University of Tehran"	1956
"http://dbpedia.org/resource/Elaheh_Koulaei"	"Tarbiat Modares University"	1956
"http://dbpedia.org/resource/Soraya_Post"	"Gothenburg University"	1956
"http://dbpedia.org/resource/Carol_Leifer"	"Binghamton University"	1956
"http://dbpedia.org/resource/Carol_Leifer"	"Queens College"	1956
"http://dbpedia.org/resource/Annie_Finch"	"University of Houston"	1956
"http://dbpedia.org/resource/Annie_Finch"	"Stanford University"	1956
"http://dbpedia.org/resource/Annie_Finch"	"Yale University"	1956
"http://dbpedia.org/resource/Walter_Woon"	"University of Cambridge"	1956
"http://dbpedia.org/resource/Walter_Woon"	"National University of Singapore"	1956
"http://dbpedia.org/resource/Marlene_Zuk"	"University of California, Santa Barbara"	1956
"http://dbpedia.org/resource/Marlene_Zuk"	"University of Michigan"	1956
"http://dbpedia.org/resource/Karen_Barad"	"Stony Brook University"	1956
"http://dbpedia.org/resource/Rhonda_Lenton"	"University of Toronto"	1956
"http://dbpedia.org/resource/Teresa_Berger"	"Ruprecht-Karls-Universität Heidelberg"	1956
"http://dbpedia.org/resource/Liza_Maza"	"University of the Philippines Diliman"	1957
"http://dbpedia.org/resource/Kulthum_Bin_Masoud"	"Kuwait University"	1957
"http://dbpedia.org/resource/Jane_Caro"	"Macquarie University"	1957
"http://dbpedia.org/resource/Ineke_van_Gent"	"Bachelor of Arts"	1957
"http://dbpedia.org/resource/Ineke_van_Gent"	"Social work"	1957
"http://dbpedia.org/resource/Rosa_Namises"	"University of South Africa"	1958
"http://dbpedia.org/resource/Uma_Narayan"	"Rutgers University"	1958
"http://dbpedia.org/resource/Éric_Zemmour"	"Sciences Po"	1958
"http://dbpedia.org/resource/Nam_In-soon"	"Anglican Church University"	1958
"http://dbpedia.org/resource/Nam_In-soon"	"Sejong University"	1958
"http://dbpedia.org/resource/Fawzia_Afzal-Khan"	"Tufts University"	1958
"http://dbpedia.org/resource/Mariëtte_Hamer"	"University of Amsterdam"	1958
"http://dbpedia.org/resource/Mariëtte_Hamer"	"Master of Arts"	1958
"http://dbpedia.org/resource/Mariëtte_Hamer"	"Bachelor of Arts"	1958
"http://dbpedia.org/resource/Diane_Elam"	"Brown University"	1958
"http://dbpedia.org/resource/Diane_Elam"	"Kenyon College"	1958
"http://dbpedia.org/resource/Raufa_Hassan_al-Sharki"	"University of Paris"	1958
"http://dbpedia.org/resource/Unity_Dow"	"University of Edinburgh"	1959
"http://dbpedia.org/resource/Unity_Dow"	"University of Botswana and Swaziland"	1959
"http://dbpedia.org/resource/Stephen_Harper"	"University of Calgary"	1959
"http://dbpedia.org/resource/Stephen_Harper"	"University of Toronto"	1959
"http://dbpedia.org/resource/Stephen_Harper"	"Master of Arts"	1959
"http://dbpedia.org/resource/Stephen_Harper"	"Bachelor of Arts"	1959
"http://dbpedia.org/resource/Emma_Thompson"	"Newnham College, Cambridge"	1959
"http://dbpedia.org/resource/Sim_Sang-jung"	"Seoul National University"	1959
"http://dbpedia.org/resource/Katrina_vanden_Heuvel"	"Princeton University"	1959
"http://dbpedia.org/resource/Sarah_Franklin"	"University of Birmingham"	1960
"http://dbpedia.org/resource/Sarah_Franklin"	"University of Kent"	1960
"http://dbpedia.org/resource/Maya_Jribi"	"University of Sfax"	1960
"http://dbpedia.org/resource/Camille_Turner"	"McMaster University"	1960
"http://dbpedia.org/resource/Sarah_Franklin"	"Smith College"	1960
"http://dbpedia.org/resource/Sarah_Franklin"	"New York University"	1960
"http://dbpedia.org/resource/Camille_Turner"	"OCAD University"	1960
"http://dbpedia.org/resource/Camille_Turner"	"Sheridan College"	1960
"http://dbpedia.org/resource/Camille_Turner"	"York University"	1960
"http://dbpedia.org/resource/Andrea_Giunta"	"University of Buenos Aires"	1960
"http://dbpedia.org/resource/Nalo_Hopkinson"	"Seton Hill University"	1960
"http://dbpedia.org/resource/Khadija_Ryadi"	"National Institute of Statistics and Applied Economics"	1960
"http://dbpedia.org/resource/Joanna_Scott"	"Brown University"	1960
"http://dbpedia.org/resource/Joanna_Scott"	"Trinity College (Connecticut)"	1960
"http://dbpedia.org/resource/Linda_Ruth_Williams"	"Sussex University"	1961
"http://dbpedia.org/resource/Ana_de_Miguel"	"Autonomous University of Madrid"	1961
"http://dbpedia.org/resource/Manasi_Pradhan"	"Utkal University"	1962
"http://dbpedia.org/resource/Jordan_Peterson"	"University of Alberta"	1962
"http://dbpedia.org/resource/Jordan_Peterson"	"McGill University"	1962
"http://dbpedia.org/resource/Sarah_Mullally"	"London South Bank University"	1962
"http://dbpedia.org/resource/Sarah_Mullally"	"Heythrop College, University of London"	1962
"http://dbpedia.org/resource/Sarah_Mullally"	"South East Institute for Theological Education"	1962
"http://dbpedia.org/resource/Sabine_Hark"	"Free University of Berlin"	1962
"http://dbpedia.org/resource/Sabine_Hark"	"Goethe University Frankfurt"	1962
"http://dbpedia.org/resource/Anne_Devereux-Mills"	"Wellesley College"	1962
"http://dbpedia.org/resource/Aleksandar_Bošković"	"University of St Andrews"	1962
"http://dbpedia.org/resource/Jacqui_Smith"	"Hertford College, Oxford"	1962
"http://dbpedia.org/resource/Aron_Ra"	"Arizona State University"	1962
"http://dbpedia.org/resource/Renée_Wagener"	"University of Hagen"	1962
"http://dbpedia.org/resource/Vera_Lúcia_de_Miranda_Guarda"	"Joseph Fourier University"	1963
"http://dbpedia.org/resource/Jolande_Sap"	"Political Economics"	1963
"http://dbpedia.org/resource/Jolande_Sap"	"Tilburg University"	1963
"http://dbpedia.org/resource/Jolande_Sap"	"Philosophy"	1963
"http://dbpedia.org/resource/Joss_Whedon"	"Wesleyan University"	1964
"http://dbpedia.org/resource/Calista_Flockhart"	"Rutgers University–New Brunswick"	1964
"http://dbpedia.org/resource/Fiona_Bruce"	"University of London Institute in Paris"	1964
"http://dbpedia.org/resource/Fiona_Bruce"	"Hertford College, Oxford"	1964
"http://dbpedia.org/resource/Kwon_In-sook"	"Rutgers University"	1964
"http://dbpedia.org/resource/Kwon_In-sook"	"Clark University"	1964
"http://dbpedia.org/resource/Kwon_In-sook"	"Seoul National University"	1964
"http://dbpedia.org/resource/Asra_Nomani"	"West Virginia University"	1965
"http://dbpedia.org/resource/Asra_Nomani"	"American University"	1965
"http://dbpedia.org/resource/Joey_Soloway"	"University of Wisconsin–Madison"	1965
"http://dbpedia.org/resource/Kazimiera_Szczuka"	"University of Warsaw"	1966
"http://dbpedia.org/resource/Delphine_Ernotte"	"École Centrale Paris"	1966
"http://dbpedia.org/resource/Miranda_Fricker"	"Pembroke College, Oxford"	1966
"http://dbpedia.org/resource/Robin_Truth_Goodman"	"New York University"	1966
"http://dbpedia.org/resource/Lili_Taylor"	"DePaul University"	1967
"http://dbpedia.org/resource/Elizabeth_Wurtzel"	"Harvard College"	1967
"http://dbpedia.org/resource/Natasha_Walter"	"Harvard University"	1967
"http://dbpedia.org/resource/Natasha_Walter"	"St. John's College, Cambridge"	1967
"http://dbpedia.org/resource/Elizabeth_Wurtzel"	"Yale Law School"	1967
"http://dbpedia.org/resource/Paula_Byrne"	"University of Liverpool"	1967
"http://dbpedia.org/resource/Paula_Byrne"	"Chichester University"	1967
"http://dbpedia.org/resource/Jill_Greenberg"	"Rhode Island School of Design"	1967
"http://dbpedia.org/resource/Laura_Nuño_Gómez"	"Complutense University of Madrid"	1967
"http://dbpedia.org/resource/Jian_Ghomeshi"	"York University"	1967
"http://dbpedia.org/resource/Margaret_Cho"	"San Francisco State University"	1968
"http://dbpedia.org/resource/Norah_Vincent"	"Williams College"	1968
"http://dbpedia.org/resource/Kathleen_Hanna"	"The Evergreen State College"	1968
"http://dbpedia.org/resource/Anders_Borg"	"Uppsala University"	1968
"http://dbpedia.org/resource/Anders_Borg"	"Stockholm University"	1968
"http://dbpedia.org/resource/Juan_Battle"	"University of Michigan"	1968
"http://dbpedia.org/resource/Laraine_Herring"	"Prescott College"	1968
"http://dbpedia.org/resource/Laraine_Herring"	"Antioch University"	1968
"http://dbpedia.org/resource/Laraine_Herring"	"University of Arizona"	1968
"http://dbpedia.org/resource/Pilar_Albarracín"	"University of Seville"	1968
"http://dbpedia.org/resource/Keklik_Yücel"	"Vrije Universiteit Amsterdam"	1968
"http://dbpedia.org/resource/Marine_Le_Pen"	"Master of Advanced Studies"	1968
"http://dbpedia.org/resource/Marine_Le_Pen"	"Panthéon-Assas University"	1968
"http://dbpedia.org/resource/Rachel_Kushner"	"University of California, Berkeley"	1968
"http://dbpedia.org/resource/Rachel_Kushner"	"Columbia University"	1968
"http://dbpedia.org/resource/Anniken_Huitfeldt"	"University of Oslo"	1969
"http://dbpedia.org/resource/Ayaan_Hirsi_Ali"	"Leiden University"	1969
"http://dbpedia.org/resource/Anniken_Huitfeldt"	"London School of Economics"	1969
"http://dbpedia.org/resource/Sara_Ahmed"	"Cardiff University"	1969
"http://dbpedia.org/resource/Sara_Ahmed"	"University of Adelaide"	1969
"http://dbpedia.org/resource/John_Scalzi"	"University of Chicago"	1969
"http://dbpedia.org/resource/Julie_Delpy"	"New York University"	1969
"http://dbpedia.org/resource/Rebecca_Walker"	"Yale University"	1969
"http://dbpedia.org/resource/Qiu_Miaojin"	"Taipei First Girls' High School"	1969
"http://dbpedia.org/resource/Cate_Blanchett"	"National Institute of Dramatic Art"	1969
"http://dbpedia.org/resource/Qiu_Miaojin"	"National Taiwan University"	1969
"http://dbpedia.org/resource/Qiu_Miaojin"	"University of Paris VIII"	1969
"http://dbpedia.org/resource/Chyna"	"University of Tampa"	1969
"http://dbpedia.org/resource/Ed_Miliband"	"Corpus Christi College, Oxford"	1969
"http://dbpedia.org/resource/Ed_Miliband"	"London School of Economics"	1969
"http://dbpedia.org/resource/Michelle_Murphy"	"University of Toronto"	1969
"http://dbpedia.org/resource/Michelle_Murphy"	"Harvard University"	1969
"http://dbpedia.org/resource/Naomi_Klein"	"University of Toronto"	1970
"http://dbpedia.org/resource/Élisabeth_Moreno"	"University of Mannheim"	1970
"http://dbpedia.org/resource/Élisabeth_Moreno"	"ESSEC Business School"	1970
"http://dbpedia.org/resource/Simone_Tebet"	"Federal University of Rio de Janeiro"	1970
"http://dbpedia.org/resource/Élisabeth_Moreno"	"Paris-Est Créteil University"	1970
"http://dbpedia.org/resource/Simone_Tebet"	"Bachelor of Science in Law"	1970
"http://dbpedia.org/resource/Gifty_Anti"	"Ghana Institute of Journalism"	1970
"http://dbpedia.org/resource/Simone_Tebet"	"Pontifical Catholic University of São Paulo"	1970
"http://dbpedia.org/resource/Gifty_Anti"	"Mfantsiman Girls Secondary School"	1970
"http://dbpedia.org/resource/Nicola_Sturgeon"	"University of Glasgow"	1970
"http://dbpedia.org/resource/Jess_Dobkin"	"Rutgers University"	1970
"http://dbpedia.org/resource/Jess_Dobkin"	"Oberlin College"	1970
"http://dbpedia.org/resource/Sara_Kaya"	"Anadolu University"	1970
"http://dbpedia.org/resource/Betty_Makoni"	"University of Zimbabwe"	1971
"http://dbpedia.org/resource/María_del_Carmen_Pérez_Cuadra"	"Central American University (Managua)"	1971
"http://dbpedia.org/resource/Antígona_Segura"	"Universidad Autónoma de San Luis Potosí"	1971
"http://dbpedia.org/resource/Antígona_Segura"	"Universidad Nacional Autónoma de México"	1971
"http://dbpedia.org/resource/Louise_Mensch"	"Christ Church, Oxford"	1971
"http://dbpedia.org/resource/Amy_Poehler"	"Boston College"	1971
"http://dbpedia.org/resource/Jenni_Konner"	"Sarah Lawrence College"	1971
"http://dbpedia.org/resource/Idina_Menzel"	"NYU Tisch School of the Arts"	1971
"http://dbpedia.org/resource/Ulrike_Müller_(artist)"	"Academy of Fine Arts Vienna"	1971
"http://dbpedia.org/resource/Sithara_S."	"University of Calicut"	1972
"http://dbpedia.org/resource/Anna_Span"	"Central Saint Martins"	1972
"http://dbpedia.org/resource/Mandakranta_Sen"	"Lady Brabourne College"	1972
"http://dbpedia.org/resource/Philip_Davies"	"University of Huddersfield"	1972
"http://dbpedia.org/resource/Clémentine_Autain"	"Paris 8 University Vincennes-Saint-Denis"	1973
"http://dbpedia.org/resource/Cristina_Ali_Farah"	"La Sapienza University"	1973
"http://dbpedia.org/resource/Carrie_Brownstein"	"Western Washington University"	1974
"http://dbpedia.org/resource/Carrie_Brownstein"	"The Evergreen State College"	1974
"http://dbpedia.org/resource/Agnès_Pannier-Runacher"	"Sciences Po"	1974
"http://dbpedia.org/resource/Agnès_Pannier-Runacher"	"École nationale d'administration"	1974
"http://dbpedia.org/resource/Agnès_Pannier-Runacher"	"HEC Paris"	1974
"http://dbpedia.org/resource/Sebahat_Tuncel"	"Mersin University"	1975
"http://dbpedia.org/resource/Jobeda_Ali"	"Tower Hamlets College"	1975
"http://dbpedia.org/resource/Jobeda_Ali"	"Trinity College, Cambridge"	1975
"http://dbpedia.org/resource/Tara_Buck"	"American Academy of Dramatic Arts"	1975
"http://dbpedia.org/resource/Monica_Geingos"	"University of Namibia"	1976
"http://dbpedia.org/resource/Benedict_Cumberbatch"	"University of Manchester"	1976
"http://dbpedia.org/resource/Benedict_Cumberbatch"	"London Academy of Music and Dramatic Art"	1976
"http://dbpedia.org/resource/Zakia_Khattabi"	"Université libre de Bruxelles"	1976
"http://dbpedia.org/resource/Mequitta_Ahuja"	"Hampshire College"	1976
"http://dbpedia.org/resource/Orna_Donath"	"Tel Aviv University"	1976
"http://dbpedia.org/resource/Chimamanda_Ngozi_Adichie"	"Johns Hopkins University"	1977
"http://dbpedia.org/resource/Chimamanda_Ngozi_Adichie"	"Eastern Connecticut State University"	1977
"http://dbpedia.org/resource/John_Green"	"Kenyon College"	1977
"http://dbpedia.org/resource/Amanda_Marcotte"	"St. Edward's University"	1977
"http://dbpedia.org/resource/Chimamanda_Ngozi_Adichie"	"Yale University"	1977
"http://dbpedia.org/resource/Tulay_Hatımoğulları_Oruç"	"Anadolu University"	1977
"http://dbpedia.org/resource/Jaqueline_Jesus"	"University of Brasília"	1978
"http://dbpedia.org/resource/Sarah_MacLean"	"Smith College"	1978
"http://dbpedia.org/resource/Sarah_MacLean"	"Harvard University"	1978
"http://dbpedia.org/resource/Waleed_Aly"	"University of Melbourne"	1978
"http://dbpedia.org/resource/Waleed_Aly"	"Monash University"	1978
"http://dbpedia.org/resource/Aron_Flam"	"Stockholm University"	1978
"http://dbpedia.org/resource/Sara_Bareilles"	"University of California, Los Angeles"	1979
"http://dbpedia.org/resource/Victoria_Bateman"	"University of Cambridge"	1979
"http://dbpedia.org/resource/Victoria_Bateman"	"University of Oxford"	1979
"http://dbpedia.org/resource/Victoria_Bateman"	"Saddleworth School"	1979
"http://dbpedia.org/resource/Victoria_Bateman"	"Oldham Sixth Form College"	1979
"http://dbpedia.org/resource/Roosh_V"	"University of Maryland"	1979
"http://dbpedia.org/resource/Genevieve_Nnaji"	"University of Lagos"	1979
"http://dbpedia.org/resource/Douglas_Murray_(author)"	"Magdalen College, Oxford"	1979
"http://dbpedia.org/resource/Jincey_Lumpkin"	"Florida Coastal School of Law"	1979
"http://dbpedia.org/resource/Marielle_Franco"	"Fluminense Federal University"	1979
"http://dbpedia.org/resource/Marielle_Franco"	"Pontifical Catholic University of Rio de Janeiro"	1979
"http://dbpedia.org/resource/Gavin_Newlands"	"James Watt College"	1980
"http://dbpedia.org/resource/Tamika_Mallory"	"The College of New Rochelle"	1980
"http://dbpedia.org/resource/Rebecca_Watson"	"Boston University"	1980
"http://dbpedia.org/resource/Cameron_Esposito"	"Boston College"	1981
"http://dbpedia.org/resource/Holly_Smale"	"University of Bristol"	1981
"http://dbpedia.org/resource/Tom_Hiddleston"	"Royal Academy of Dramatic Art"	1981
"http://dbpedia.org/resource/Tom_Hiddleston"	"Pembroke College, Cambridge"	1981
"http://dbpedia.org/resource/Diana_Fleischman"	"University of Texas at Austin"	1981
"http://dbpedia.org/resource/Ortal_Ben_Dayan"	"Hebrew University of Jerusalem"	1981
"http://dbpedia.org/resource/River_Butcher"	"University of Akron"	1982
"http://dbpedia.org/resource/Deloris_Frimpong_Manso"	"Aburi Girls' Senior High School"	1982
"http://dbpedia.org/resource/Deloris_Frimpong_Manso"	"Methodist University College Ghana"	1982
"http://dbpedia.org/resource/Zoe_Strimpel"	"University of Sussex"	1982
"http://dbpedia.org/resource/Zoe_Strimpel"	"Jesus College, Cambridge"	1982
"http://dbpedia.org/resource/Zoe_Strimpel"	"Wolfson College, Cambridge"	1982
"http://dbpedia.org/resource/Kawa_Ada"	"Boston Conservatory"	1982
"http://dbpedia.org/resource/Holly_Lawford-Smith"	"University of Otago"	1982
"http://dbpedia.org/resource/Holly_Lawford-Smith"	"Australian National University"	1982
"http://dbpedia.org/resource/Tourmaline_(activist)"	"Columbia University"	1983
"http://dbpedia.org/resource/Helen_Lewis_(journalist)"	"St Peter's College, Oxford"	1983
"http://dbpedia.org/resource/Helen_Lewis_(journalist)"	"City University London"	1983
"http://dbpedia.org/resource/Luise_Amtsberg"	"University of Kiel"	1984
"http://dbpedia.org/resource/Kalki_Koechlin"	"Goldsmiths, University of London"	1984
"http://dbpedia.org/resource/Beth_Behrs"	"UCLA School of Theater, Film and Television"	1985
"http://dbpedia.org/resource/Agnes_Janich"	"School of Visual Arts"	1985
"http://dbpedia.org/resource/Agnes_Janich"	"New York City"	1985
"http://dbpedia.org/resource/Jadesola_Osiberu"	"University of Manchester"	1985
"http://dbpedia.org/resource/Lana_Del_Rey"	"Fordham University"	1985
"http://dbpedia.org/resource/Jadesola_Osiberu"	"Pan-Atlantic University"	1985
"http://dbpedia.org/resource/Marion_Reimers"	"Tecnológico de Monterrey"	1985
"http://dbpedia.org/resource/Marion_Reimers"	"Universidad Torcuato Di Tella"	1985
"http://dbpedia.org/resource/Matt_McGorry"	"Emerson College"	1986
"http://dbpedia.org/resource/Lena_Dunham"	"Oberlin College"	1986
"http://dbpedia.org/resource/Elaine_Welteroth"	"California State University-Sacramento"	1986
"http://dbpedia.org/resource/Fern_Riddell"	"Royal Holloway, University of London"	1986
"http://dbpedia.org/resource/Cédric_Wermuth"	"University of Zurich"	1986
"http://dbpedia.org/resource/Laurie_Penny"	"Wadham College, Oxford"	1986
"http://dbpedia.org/resource/Laura_Bates"	"St John's College, Cambridge"	1986
"http://dbpedia.org/resource/Kirthi_Jayakumar"	"University for Peace"	1987
"http://dbpedia.org/resource/Kirthi_Jayakumar"	"Coventry University"	1987
"http://dbpedia.org/resource/Vero_Rodríguez"	"Universidad Iberoamericana"	1987
"http://dbpedia.org/resource/Paulita_Pappel"	"Free University of Berlin"	1987
"http://dbpedia.org/resource/Miao_Poya"	"National Taiwan University"	1987
"http://dbpedia.org/resource/Gael_Yeomans"	"University of Chile"	1988
"http://dbpedia.org/resource/Shon_Faye"	"University of Oxford"	1988
"http://dbpedia.org/resource/Alicia_Vikander"	"School of American Ballet"	1988
"http://dbpedia.org/resource/Alicia_Vikander"	"Royal Swedish Ballet"	1988
"http://dbpedia.org/resource/Adele"	"BRIT School"	1988
"http://dbpedia.org/resource/Loujain_al-Hathloul"	"University of British Columbia"	1989
"http://dbpedia.org/resource/Alaa_Murabit"	"London School of Economics and Political Science"	1989
"http://dbpedia.org/resource/Alaa_Murabit"	"Al Zawiya University"	1989
"http://dbpedia.org/resource/Tucker_Reed"	"University of Southern California"	1989
"http://dbpedia.org/resource/Reni_Eddo-Lodge"	"University of Central Lancashire"	1989
"http://dbpedia.org/resource/Emma_Watson"	"Brown University"	1990
"http://dbpedia.org/resource/Suzannah_Weiss"	"Brown University"	1990
"http://dbpedia.org/resource/Dasha_Nekrasova"	"Mills College"	1991
"http://dbpedia.org/resource/Kasha_Patel"	"Boston University"	1991
"http://dbpedia.org/resource/Kasha_Patel"	"Wake Forest University"	1991
"http://dbpedia.org/resource/Rosalía"	"Catalonia College of Music"	1992
"http://dbpedia.org/resource/Momina_Mustehsan"	"Stony Brook University"	1992
"http://dbpedia.org/resource/Frida_Sofía"	"Miami International University of Art & Design"	1992
"http://dbpedia.org/resource/Julie_Zeilinger"	"Barnard College"	1993
"http://dbpedia.org/resource/Tyler_Cameron"	"Wake Forest University"	1993
"http://dbpedia.org/resource/Tyler_Cameron"	"Florida Atlantic University"	1993
"http://dbpedia.org/resource/Ricarda_Lang"	"Humboldt University of Berlin"	1994
"http://dbpedia.org/resource/Ricarda_Lang"	"Heidelberg University"	1994
"http://dbpedia.org/resource/Alba_Reche"	"Technical University of Valencia"	1997
"http://dbpedia.org/resource/Amanda_Gorman"	"Harvard University"	1998
